code,system
792..11,readv2
7920,readv2
7920.11,readv2
7920000,readv2
7920100,readv2
7920200,readv2
7920300,readv2
7920y00,readv2
7920z00,readv2
7922.11,readv2
7922100,readv2
7921,readv2
7921.11,readv2
7921z00,readv2
7921000,readv2
7921300,readv2
7925,readv2
7925z00,readv2
7926,readv2
7921200,readv2
7923,readv2
7923.11,readv2
7924,readv2
7924100,readv2
7925.11,readv2
7925000,readv2
7925011,readv2
7925200,readv2
7925311,readv2
7929,readv2
792C.00,readv2
792D.00,readv2
792Dz00,readv2
792Dy00,readv2
792y.00,readv2
ZV45L00,readv2